ID,OS_time,OS_status
1,3.2,1
2,6.6,0
3,10.96666667,0
4,8.4,0
5,21.46666667,1
6,7.366666667,0
7,4.566666667,0
8,19,1
9,2.566666667,0
10,9.466666667,0
11,2.033333333,0
12,6.7,0
13,16.03333333,0
14,6.066666667,0
15,6.5,1
16,10.26666667,0
17,11.8,0
18,10.46666667,0
19,5.266666667,0
20,4.433333333,1
